id,treatment,work.T1,home.T1,work.T2,home.T2,casecode
1,treatment,0.835178531,0.695918556,0.01575101,0.763120385,123
2,control,0.495738784,0.700262672,0.602237034,0.794692883,623
3,treatment,0.190394067,0.336497255,0.285022344,0.045947676,502
4,control,0.693111725,0.702788491,0.948712994,0.616485137,111
